grna_number	Type	target_gene	oligo_name	sequence	group
1	gRNA	TLR4	TLR4_1	ACATGACGATCTGTAACTGG	TLR4
2	gRNA	TLR4	TLR4_2	CTAACTTCCCTCCTGCGACG	TLR4
3	gRNA	TLR4	TLR4_3	GGCGTTTGCTGACCGACTGG	TLR4
4	gRNA	TLR4	TLR4_4	CGATCTGCCCCGTCGCAGGA	TLR4
5	gRNA	TLR4	TLR4_5	CAGATCGTCATGTTCTCTCA	TLR4
6	gRNA	IL-17A	IL-17A_1	GACGCGCAAACATGAGTCCA	IL-17A
7	gRNA	IL-17A	IL-17A_2	AGGGTGACGTGGAACGGTTG	IL-17A
8	gRNA	IL-17A	IL-17A_3	TCAACCGTTCCACGTCACCC	IL-17A
9	gRNA	IL-17A	IL-17A_4	GAGTCCAGGGTGACGTGGAA	IL-17A
10	gRNA	IL-17A	IL-17A_5	GTTTGCGCGTCCTGATCAGC	IL-17A
11	gRNA	CCR6	CCR6_1	ACTGATGAAAGGCACATATG	CCR6
12	gRNA	CCR6	CCR6_2	GGTAAGGTATCTACCCCAGG	CCR6
13	gRNA	CCR6	CCR6_3	TGACGTCTACCTGTTGAACA	CCR6
14	gRNA	CCR6	CCR6_4	CACAGAGTCCTACTTTGGAA	CCR6
15	gRNA	CCR6	CCR6_5	ATGCGGTCAACTTTAACTGT	CCR6
16	gRNA	IL1r1	IL1r1_1	GTATGTCCTATACGTTCCGG	IL1r1
17	gRNA	IL1r1	IL1r1_2	CAGCAAGACCCCCATATCAG	IL1r1
18	gRNA	IL1r1	IL1r1_3	ATGAGTTACCCGAGGTCCAG	IL1r1
19	gRNA	IL1r1	IL1r1_4	GCTCAGCAAACGTTGTCTCG	IL1r1
20	gRNA	IL1r1	IL1r1_5	CGTATGTCCTATACGTTCCG	IL1r1
21	gRNA	IL-12RB	IL-12RB_1	TCAAGGTGTCACAATCACAC	IL-12RB
22	gRNA	IL-12RB	IL-12RB_2	GTGCAGTTCTGGGAACAGGA	IL-12RB
23	gRNA	IL-12RB	IL-12RB_3	CCTCCGAACCATACCCACAC	IL-12RB
24	gRNA	IL-12RB	IL-12RB_4	TTTCTCTTTTAGGGTGACTG	IL-12RB
25	gRNA	IL-12RB	IL-12RB_5	CTCCTGCTTTGCCAGCTAGG	IL-12RB
26	gRNA	tgfbr1	tgfbr1_1	CACGGTGGTGAATGACAGTG	tgfbr1
27	gRNA	tgfbr1	tgfbr1_2	ATGAGGAGCTGCGGACGACG	tgfbr1
28	gRNA	tgfbr1	tgfbr1_3	GATCCTCTTCATTTGGCACA	tgfbr1
29	gRNA	tgfbr1	tgfbr1_4	CAGAAGCAGCCATCCCAGCG	tgfbr1
30	gRNA	tgfbr1	tgfbr1_5	TGCAGCTGAACACCAATGAG	tgfbr1
31	gRNA	IL-23R	IL-23R_1	GACACATGTCAGATTGCTGG	IL-23R
32	gRNA	IL-23R	IL-23R_2	TGACACATGTCAGATTGCTG	IL-23R
33	gRNA	IL-23R	IL-23R_3	TCGTTTTGTTGCAGATCCAC	IL-23R
34	gRNA	IL-23R	IL-23R_4	CCATCTGAAGAGCACATAAA	IL-23R
35	gRNA	IL-23R	IL-23R_5	GTCAGATTGCTGGGGGCATC	IL-23R
36	gRNA	IL-6RA	IL-6RA_1	CGTGCAGCTCAGCGACACTG	IL-6RA
37	gRNA	IL-6RA	IL-6RA_2	CACAGATGGCGTTGACAAGG	IL-6RA
38	gRNA	IL-6RA	IL-6RA_3	GGTTCCTCTTACCCAGCGCG	IL-6RA
39	gRNA	IL-6RA	IL-6RA_4	GGGGCAAATCAGGGTAACGG	IL-6RA
40	gRNA	IL-6RA	IL-6RA_5	CGGCGTGGCTCAGATCGGTG	IL-6RA
41	gRNA	IL-7R	IL-7R_1	AAGGGGTGAAAGCAACTGGA	IL-7R
42	gRNA	IL-7R	IL-7R_2	AGACCTAGAAGATGCAGACG	IL-7R
43	gRNA	IL-7R	IL-7R_3	TGCTTTCACCCCTTGCTGGG	IL-7R
44	gRNA	IL-7R	IL-7R_4	AATCGTTATGGGGAATGGAT	IL-7R
45	gRNA	IL-7R	IL-7R_5	TGTGGCCTACCGCCCAGCAA	IL-7R
46	gRNA	CD40L	CD40L_1	TGAGAGAATCTTACTCAAGG	CD40L
47	gRNA	CD40L	CD40L_2	AGTCAACGCCCATTCATCGT	CD40L
48	gRNA	CD40L	CD40L_3	CAGCAGTCTGTTCACTTGGG	CD40L
49	gRNA	CD40L	CD40L_4	TCCGGTAAGTCCCATCACTT	CD40L
50	gRNA	CD40L	CD40L_5	ATGAATGGGCGTTGACTCGA	CD40L
51	gRNA	CEBPB	CEBPB_1	CGTCGGCGAAGAGGTCGGAG	CEBPB
52	gRNA	CEBPB	CEBPB_2	TGAGCGACGAGTACAAGATG	CEBPB
53	gRNA	CEBPB	CEBPB_3	AGAGGTCGGAGAGGAAGTCG	CEBPB
54	gRNA	CEBPB	CEBPB_4	CAAGGTGCTGGAGCTGACGG	CEBPB
55	gRNA	CEBPB	CEBPB_5	CGCGAGAGCTCAGCACCCTG	CEBPB
56	gRNA	IRF4	IRF4_1	TTGATCGACCAGATCGACAG	IRF4
57	gRNA	IRF4	IRF4_2	GTGTACAGGATTGTTCCAGA	IRF4
58	gRNA	IRF4	IRF4_3	TCTGGTCGATCAACCACTGT	IRF4
59	gRNA	IRF4	IRF4_4	TCACCCGCACTCTTAGCTGA	IRF4
60	gRNA	IRF4	IRF4_5	CTCCAAGTTCATGACGCGTG	IRF4
61	gRNA	JAK1	JAK1_1	TCCGAACCGAATCATCACTG	JAK1
62	gRNA	JAK1	JAK1_2	GACCCCAAGACGGAGCAAGA	JAK1
63	gRNA	JAK1	JAK1_3	CGTGATCGTTCAGAGTTGGA	JAK1
64	gRNA	JAK1	JAK1_4	CAGCGGAGAGTATACAGCCG	JAK1
65	gRNA	JAK1	JAK1_5	GGACACCCGCGGCTAAGGAG	JAK1
66	gRNA	JAK2	JAK2_1	ACGGGACACTCCGTATCTGT	JAK2
67	gRNA	JAK2	JAK2_2	ACAGATACGGAGTGTCCCGT	JAK2
68	gRNA	JAK2	JAK2_3	GGAAGAGTGTCTTGGGATGG	JAK2
69	gRNA	JAK2	JAK2_4	GCCTGGTTGACTCGTCTATG	JAK2
70	gRNA	JAK2	JAK2_5	TCCACATAGACGAGTCAACC	JAK2
71	gRNA	MyD88	MyD88_1	CCCACGTTAAGCGCGACCAA	MyD88
72	gRNA	MyD88	MyD88_2	GGTTCAAGAACAGCGATAGG	MyD88
73	gRNA	MyD88	MyD88_3	GCTGAAGTCGCGCATCGGTG	MyD88
74	gRNA	MyD88	MyD88_4	GAGCGTACTGGACGGCACCG	MyD88
75	gRNA	MyD88	MyD88_5	GCATCCAACAAACTGCGAGT	MyD88
76	gRNA	NFATC2	NFATC2_1	TGTACTTGGTAGAAGGCGTG	NFATC2
77	gRNA	NFATC2	NFATC2_2	GATCTTCTCATAGCTCGTGG	NFATC2
78	gRNA	NFATC2	NFATC2_3	ACGCCTTCTACCAAGTACAC	NFATC2
79	gRNA	NFATC2	NFATC2_4	CTCCGCCAGATCACAGCACA	NFATC2
80	gRNA	NFATC2	NFATC2_5	ACGAGCTATGAGAAGATCGT	NFATC2
81	gRNA	NFkb1	NFkb1_1	CTTACCCTGGAGATGCGGCG	NFkb1
82	gRNA	NFkb1	NFkb1_2	ATGGCAGACGATGATCCCTA	NFkb1
83	gRNA	NFkb1	NFkb1_3	CAAAACAGGTAAGCGTAAAG	NFkb1
84	gRNA	NFkb1	NFkb1_4	GTGTGTGAAGGCCCATCACA	NFkb1
85	gRNA	NFkb1	NFkb1_5	GTAGGGATCATCGTCTGCCA	NFkb1
86	gRNA	Rorc	Rorc_1	AGAGGCATATGGTACCTCTG	Rorc
87	gRNA	Rorc	Rorc_2	ATGTAAGTGTGTCTGCTCCG	Rorc
88	gRNA	Rorc	Rorc_3	GTCATCTGGGATCCACTACG	Rorc
89	gRNA	Rorc	Rorc_4	ACGGGGTTATCACCTGTGAG	Rorc
90	gRNA	Rorc	Rorc_5	TGCGGCTGGTTCGGTCAATG	Rorc
91	gRNA	Runx1	Runx1_1	GGCTCGTGCTGGCATCTACG	Runx1
92	gRNA	Runx1	Runx1_2	CTTCCTCCAACGTCGCCCGG	Runx1
93	gRNA	Runx1	Runx1_3	GCTATTACAAACGGTCCCGG	Runx1
94	gRNA	Runx1	Runx1_4	TCCCTTGGTTGACGTCTAGG	Runx1
95	gRNA	Runx1	Runx1_5	ACTCTCATTCATAGAGCCAG	Runx1
96	gRNA	SOCS1	SOCS1_1	AAAGGCAGTCGAAGGTCTCG	SOCS1
97	gRNA	SOCS1	SOCS1_2	GTGCTACCATCCTACTCGAG	SOCS1
98	gRNA	SOCS1	SOCS1_3	TCTCGCGGCTGCCGTCCAAG	SOCS1
99	gRNA	SOCS1	SOCS1_4	CTCGTCTTCGTCCTCGCCAG	SOCS1
100	gRNA	SOCS1	SOCS1_5	TGATGCGCCGGTAATCGGAG	SOCS1
101	gRNA	SOCS3	SOCS3_1	GCTACTGCCTCTTCACAACG	SOCS3
102	gRNA	SOCS3	SOCS3_2	TTGAGTACACAGTCGAAGCG	SOCS3
103	gRNA	SOCS3	SOCS3_3	ACCCGCCGAGACTCACCGAG	SOCS3
104	gRNA	SOCS3	SOCS3_4	GGACCTGGAATTCGTCTGAG	SOCS3
105	gRNA	SOCS3	SOCS3_5	TGAGCGTCAAGACCCAGTCG	SOCS3
106	gRNA	STAT3	STAT3_1	TCGGTGTCGCCTGACCGCGT	STAT3
107	gRNA	STAT3	STAT3_2	ACTCTTACCAGTTTTCCAGA	STAT3
108	gRNA	STAT3	STAT3_3	AACCTGGGGTTCCGACGTCG	STAT3
109	gRNA	STAT3	STAT3_4	AGAGTCTCGCCTCCTCCAGA	STAT3
110	gRNA	STAT3	STAT3_5	AGGCGTGTCTTGGCCAGTGG	STAT3
111	gRNA	STAT6	STAT6_1	TGTCCCCAGAAAAACTGCAA	STAT6
112	gRNA	STAT6	STAT6_2	AGCATCGAGTAAGGGAGACC	STAT6
113	gRNA	STAT6	STAT6_3	AGAAAGCATCTGAACCGACC	STAT6
114	gRNA	STAT6	STAT6_4	TTCGCAGGACTTCATCCAGA	STAT6
115	gRNA	STAT6	STAT6_5	ACACGGAACAAGACTCACCA	STAT6
116	gRNA	Sykb	Sykb_1	TCTTTTGGCATGGTACCGTG	Sykb
117	gRNA	Sykb	Sykb_2	ATCAGGGCCAGAGACAACAG	Sykb
118	gRNA	Sykb	Sykb_3	CACACCACTACACCATCGAG	Sykb
119	gRNA	Sykb	Sykb_4	CGGTCTTGTCCCTGTCAATG	Sykb
120	gRNA	Sykb	Sykb_5	GGAGAAGCTGATCGCCACCA	Sykb
121	gRNA	Tbx21	Tbx21_1	CACCACTGGCGGTACCAGAG	Tbx21
122	gRNA	Tbx21	Tbx21_2	AGGACTACGCATTGCCCGCG	Tbx21
123	gRNA	Tbx21	Tbx21_3	TCCCCAGGCTGCTACCTGCG	Tbx21
124	gRNA	Tbx21	Tbx21_4	CCAATGAAACTTCACTGGAG	Tbx21
125	gRNA	Tbx21	Tbx21_5	CCCAGACACCTCCAACCCCG	Tbx21
126	gRNA	TRAF6	TRAF6_1	TGCCGTGTATGTAGGCGACG	TRAF6
127	gRNA	TRAF6	TRAF6_2	CACGGCACTCCGAGACCAAG	TRAF6
128	gRNA	TRAF6	TRAF6_3	ACGAGCCGGGAGTTTGGCGT	TRAF6
129	gRNA	TRAF6	TRAF6_4	GCGAGAGATTCTTTCCCTGA	TRAF6
130	gRNA	TRAF6	TRAF6_5	ATGAGAACTCAACACCAGAG	TRAF6
131	gRNA	tgfrb2	tgfrb2_1	GAAGCCGCATGAAGTCTGCG	tgfrb2
132	gRNA	tgfrb2	tgfrb2_2	GTCATGGCCAGCGACAATGG	tgfrb2
133	gRNA	tgfrb2	tgfrb2_3	GTCCACAGGACGATATGCAG	tgfrb2
134	gRNA	tgfrb2	tgfrb2_4	CTCACTCATCAACTTTACCC	tgfrb2
135	gRNA	tgfrb2	tgfrb2_5	GGCCAGCGACAATGGCGGTG	tgfrb2
136	gRNA	Ahr	Ahr_1	CATCCATACAGAAGACCGGG	Ahr
137	gRNA	Ahr	Ahr_2	CAGGGTTGTGAGCGACGCCG	Ahr
138	gRNA	Ahr	Ahr_3	GGTGCAGAAAACGTGAGTGA	Ahr
139	gRNA	Ahr	Ahr_4	CAGGTAATCTTGGATAGTGG	Ahr
140	gRNA	Ahr	Ahr_5	GCAGAAAACGTGAGTGACGG	Ahr
141	gRNA	control	control_1	AGACCATTCGACACGCAAGG	control
142	gRNA	control	control_2	GTGATTGAGACGATACCAGA	control
143	gRNA	control	control_3	AGCAACCATATCCGATAGAC	control
144	gRNA	control	control_4	GTCTTGTTCGGCATGTCGCC	control
145	gRNA	control	control_5	ATGTTCCGTGTTCGCATTGA	control
146	gRNA	control	control_6	ATACACGACCGGAGAATTAA	control
147	gRNA	control	control_7	GGTATTCGTACGTCTGCTGA	control
148	gRNA	control	control_8	GCCAACAGACTCGTGAGCAA	control
149	gRNA	control	control_9	AGCCGGTTGAACGCGAACGT	control
150	gRNA	control	control_10	ACGTGGCACGACCGAGTCCA	control
151	gRNA	control	control_11	GAGACCGTTCCAATATCACC	control
152	gRNA	control	control_12	GAGGTTGTCGGCGGATATAT	control
153	gRNA	control	control_13	AGTAGGTGGCATGACGCCAC	control
154	gRNA	control	control_14	GAGGTATGCGTGTACGTCGC	control
155	gRNA	control	control_15	GACGTACGCATACGAGGTTA	control
156	gRNA	control	control_16	GTGAGACTTCGTCTGGTTCT	control
157	gRNA	control	control_17	GACAACATAGTGCTACAACC	control
158	gRNA	control	control_18	GAGCGAACCGCTCACTAACC	control
159	gRNA	control	control_19	ATACGCGTAGGTTGACTGAC	control
160	gRNA	control	control_20	GACCGAGGTCGTACCGTTGC	control
